{
  "componente": "D2",
  "passo": 30,
  "tipo": "ensemble_especializado",
  "look_back": 10,
  "n_features_total": 10,
  "modelos_treinados": [
    "baixos",
    "altos",
    "geral"
  ],
  "performance": {
    "rmse_geral": 0.9815846283964547,
    "mae_geral": 0.720741487443685,
    "rmse_ensemble": 1.0802374850674508,
    "mae_ensemble": 0.8130481133803003,
    "melhoria_rmse_pct": -10.05036690847108,
    "melhoria_mae_pct": -12.807175324956932
  }
}