{
  "componente": "D2",
  "passo": 7,
  "tipo": "ensemble_especializado",
  "look_back": 10,
  "n_features_total": 10,
  "modelos_treinados": [
    "baixos",
    "altos",
    "geral"
  ],
  "performance": {
    "rmse_geral": 0.9575772238671504,
    "mae_geral": 0.7126131489336162,
    "rmse_ensemble": 1.0405650290116528,
    "mae_ensemble": 0.79864672947643,
    "melhoria_rmse_pct": -8.666434735086783,
    "melhoria_mae_pct": -12.072971242750441
  }
}