{
  "componente": "D3",
  "passo": 30,
  "tipo": "ensemble_especializado",
  "look_back": 10,
  "n_features_total": 10,
  "modelos_treinados": [
    "baixos",
    "altos",
    "geral"
  ],
  "performance": {
    "rmse_geral": 0.8603189870691332,
    "mae_geral": 0.6241674356724416,
    "rmse_ensemble": 0.9426694334504867,
    "mae_ensemble": 0.6995861850657874,
    "melhoria_rmse_pct": -9.572082869157459,
    "melhoria_mae_pct": -12.08309583022287
  }
}