{
    "componente": "d1",
    "passo": 7,
    "look_back": 15,
    "num_features": 24,
    "num_amostras_treino": 6285,
    "data_treinamento": "2025-05-19 17:01:58",
    "usa_features_adicionais": true,
    "parametros": {
        "n_estimators": 300,
        "max_depth": 15,
        "min_samples_split": 5,
        "min_samples_leaf": 1,
        "max_features": null,
        "bootstrap": true,
        "random_state": 42,
        "n_jobs": -1
    },
    "importancia_features": {
        "features_originais": 0.7075699765075255,
        "features_engineered": 0.2924300234924745,
        "top_5_indices": [
            15,
            6,
            5,
            4,
            3
        ],
        "top_5_valores": [
            0.05576417007975368,
            0.05567902900972199,
            0.05204412991064071,
            0.051527970693106336,
            0.04950669883807452
        ],
        "todas_importancias": [
            0.03870939641714972,
            0.04775174714598249,
            0.047256946053847226,
            0.04950669883807452,
            0.051527970693106336,
            0.05204412991064071,
            0.05567902900972199,
            0.04625043148422792,
            0.047488897765391,
            0.046826600525266625,
            0.04580557517054478,
            0.0447156747818655,
            0.04380846808846592,
            0.043604329268860306,
            0.04659408135438046,
            0.05576417007975368,
            0.03135601288270064,
            0.02991139687730546,
            0.03685028641231824,
            0.023149153424126268,
            0.022511111943576988,
            0.021662702120177055,
            0.031091898688156382,
            0.04013329106435984
        ]
    }
}