{
    "componente": "d3",
    "passo": 1,
    "look_back": 15,
    "num_features": 24,
    "num_amostras_treino": 6290,
    "data_treinamento": "2025-05-19 17:02:37",
    "usa_features_adicionais": true,
    "parametros": {
        "n_estimators": 300,
        "max_depth": 15,
        "min_samples_split": 5,
        "min_samples_leaf": 1,
        "max_features": null,
        "bootstrap": true,
        "random_state": 42,
        "n_jobs": -1
    },
    "importancia_features": {
        "features_originais": 0.9547711058608086,
        "features_engineered": 0.0452288941391914,
        "top_5_indices": [
            14,
            11,
            12,
            13,
            23
        ],
        "top_5_valores": [
            0.664753208523044,
            0.10760843137532203,
            0.09525558283231497,
            0.0415918943981749,
            0.026822447851696945
        ],
        "todas_importancias": [
            0.0018384941255376644,
            0.002541729330933517,
            0.002969012756251271,
            0.0019263571750604501,
            0.0019273396550269994,
            0.0027165785356342916,
            0.008442745737173058,
            0.006296978508476765,
            0.004738202217076186,
            0.004351257356686658,
            0.007813293334095871,
            0.10760843137532203,
            0.09525558283231497,
            0.0415918943981749,
            0.664753208523044,
            0.006014866006344663,
            0.0014281375911765666,
            0.00261082503135512,
            0.0021542748378327752,
            0.0018970490934073372,
            0.0014024326377818862,
            0.0014007010825804458,
            0.0014981600070156581,
            0.026822447851696945
        ]
    }
}