{
    "componente": "d1",
    "passo": 1,
    "look_back": 15,
    "num_features": 24,
    "num_amostras_treino": 6290,
    "data_treinamento": "2025-05-19 17:01:48",
    "usa_features_adicionais": true,
    "parametros": {
        "n_estimators": 300,
        "max_depth": 15,
        "min_samples_split": 5,
        "min_samples_leaf": 1,
        "max_features": null,
        "bootstrap": true,
        "random_state": 42,
        "n_jobs": -1
    },
    "importancia_features": {
        "features_originais": 0.52752253735691,
        "features_engineered": 0.47247746264309015,
        "top_5_indices": [
            15,
            14,
            13,
            0,
            12
        ],
        "top_5_valores": [
            0.3547086352450966,
            0.1668647300193136,
            0.10464193486044998,
            0.06929667325433289,
            0.04509148789618584
        ],
        "todas_importancias": [
            0.06929667325433289,
            0.036189598046301744,
            0.012182465147508013,
            0.011483063827732058,
            0.009844692262878603,
            0.008895940176292572,
            0.0085586990421607,
            0.009047901490744555,
            0.010377551255473174,
            0.009509538602695312,
            0.011571554063753502,
            0.013966707411087496,
            0.04509148789618584,
            0.10464193486044998,
            0.1668647300193136,
            0.3547086352450966,
            0.00528457205426201,
            0.00791759619562813,
            0.00792666443163283,
            0.005228542763971991,
            0.036729683884120255,
            0.03796782433895595,
            0.0053699395705446105,
            0.011344004158877765
        ]
    }
}