{
    "componente": "d2",
    "passo": 1,
    "look_back": 15,
    "num_features": 24,
    "num_amostras_treino": 6290,
    "data_treinamento": "2025-05-19 17:02:11",
    "usa_features_adicionais": true,
    "parametros": {
        "n_estimators": 300,
        "max_depth": 15,
        "min_samples_split": 5,
        "min_samples_leaf": 1,
        "max_features": null,
        "bootstrap": true,
        "random_state": 42,
        "n_jobs": -1
    },
    "importancia_features": {
        "features_originais": 0.793937267487276,
        "features_engineered": 0.20606273251272403,
        "top_5_indices": [
            13,
            14,
            23,
            12,
            11
        ],
        "top_5_valores": [
            0.31559771273411175,
            0.22737071770434672,
            0.15128321755969873,
            0.1143585947245015,
            0.040403005971266864
        ],
        "todas_importancias": [
            0.003795747891307686,
            0.006400924099988976,
            0.00841688293206923,
            0.006179433304035258,
            0.0041158512164476855,
            0.005130203496021896,
            0.006707894005858976,
            0.005816839939357182,
            0.00608781727919536,
            0.008177799115636576,
            0.03537784307313039,
            0.040403005971266864,
            0.1143585947245015,
            0.31559771273411175,
            0.22737071770434672,
            0.016533519109220494,
            0.00309655430648011,
            0.004616925532355118,
            0.005355740913917874,
            0.003914266491397113,
            0.008808496827389448,
            0.009006736809586966,
            0.003447274962678172,
            0.15128321755969873
        ]
    }
}