{
    "componente": "d2",
    "passo": 7,
    "look_back": 15,
    "num_features": 24,
    "num_amostras_treino": 6285,
    "data_treinamento": "2025-05-19 17:02:23",
    "usa_features_adicionais": true,
    "parametros": {
        "n_estimators": 300,
        "max_depth": 15,
        "min_samples_split": 5,
        "min_samples_leaf": 1,
        "max_features": null,
        "bootstrap": true,
        "random_state": 42,
        "n_jobs": -1
    },
    "importancia_features": {
        "features_originais": 0.6998928414240634,
        "features_engineered": 0.3001071585759367,
        "top_5_indices": [
            14,
            15,
            12,
            13,
            23
        ],
        "top_5_valores": [
            0.08470916835393923,
            0.058801003702624616,
            0.057237897239960964,
            0.05504126130725235,
            0.052522603420674004
        ],
        "todas_importancias": [
            0.0363880442645519,
            0.047546656321145346,
            0.0397888913835548,
            0.03832294663003853,
            0.0365926725437704,
            0.05050801763027966,
            0.03830899821568766,
            0.04012838481708985,
            0.04181680208038692,
            0.05142506362579239,
            0.03882509773378973,
            0.04325293927682359,
            0.057237897239960964,
            0.05504126130725235,
            0.08470916835393923,
            0.058801003702624616,
            0.026777699105313222,
            0.03036908665673332,
            0.03420874621848977,
            0.024844359533576457,
            0.020573036703410617,
            0.020624699007446925,
            0.03138592422766777,
            0.052522603420674004
        ]
    }
}