{
    "componente": "d3",
    "passo": 7,
    "look_back": 15,
    "num_features": 24,
    "num_amostras_treino": 6285,
    "data_treinamento": "2025-05-19 17:02:51",
    "usa_features_adicionais": true,
    "parametros": {
        "n_estimators": 300,
        "max_depth": 15,
        "min_samples_split": 5,
        "min_samples_leaf": 1,
        "max_features": null,
        "bootstrap": true,
        "random_state": 42,
        "n_jobs": -1
    },
    "importancia_features": {
        "features_originais": 0.6950579700010203,
        "features_engineered": 0.30494202999897985,
        "top_5_indices": [
            14,
            23,
            13,
            15,
            12
        ],
        "top_5_valores": [
            0.15899065211565477,
            0.11189759950516619,
            0.06628807366695745,
            0.06441053028945752,
            0.04919477377020149
        ],
        "todas_importancias": [
            0.02392226786085493,
            0.03586998456791902,
            0.037607758376480796,
            0.04073844965751954,
            0.029025121725829228,
            0.04917565240747029,
            0.035892687297297526,
            0.0365425085768863,
            0.03017090023636485,
            0.02901510401300711,
            0.03955281825657818,
            0.03307121747199877,
            0.04919477377020149,
            0.06628807366695745,
            0.15899065211565477,
            0.06441053028945752,
            0.01800072955141998,
            0.020695777435389976,
            0.022302961186991956,
            0.013866514363109332,
            0.018256917797362465,
            0.018101174326361102,
            0.01740982554372132,
            0.11189759950516619
        ]
    }
}