RMSE,MAE,MAPE,C30,R2,passo,look_back
15.288620163897738,15.010351835386762,171.1839691416187,0.5588720945001905,-26.72329900186476,1,5
15.287385545536978,15.00906087177532,171.15123226707607,0.559156182488245,-26.71552036326278,5,5
15.286257031466297,15.007835156448738,171.1214262873859,0.5596540320529128,-26.703906894169137,7,10
15.283002054736402,15.004260747544327,171.03385366521783,0.5612960836841434,-26.66661232762462,30,10
