Componente,Horizonte,Modelo,Look_Back,Feature_Engineering,MAE,RMSE,R2,MAPE
D1,3,SVR_RobustScaler_lb5,5,True,0.7611726937066178,1.122851662648288,0.19006920329922095,708911499.8654823
D1,3,SVR_StandardScaler_lb5,5,True,0.7640265730910901,1.1259746984745014,0.18555754676702685,712147940.5854896
