Componente,Horizonte,Modelo,Look_Back,Feature_Engineering,MAE,RMSE,R2,MAPE
D1,30,SVR_RobustScaler_lb10,10,True,0.8566507469858361,1.2578543875336075,-0.02190701818566576,851637447.3085493
D1,30,SVR_StandardScaler_lb10,10,True,0.8568471315100836,1.2576889797706443,-0.02163827445554234,860285312.7730979
