Componente,Horizonte,Modelo,Look_Back,Feature_Engineering,MAE,RMSE,R2,MAPE
D1,7,SVR_RobustScaler_lb5,5,True,0.8408619992339226,1.2559820350705213,-0.013077727696578112,475865007.31981415
D1,7,SVR_StandardScaler_lb5,5,True,0.841524858614326,1.255702002521988,-0.012626028382614507,519329066.95668924
