Componente,Horizonte,Modelo,Look_Back,Feature_Engineering,MAE,RMSE,R2,MAPE
D1,1,SVR_RobustScaler_lb5,5,True,0.28544103108823904,0.5261270849556275,0.8221784221079136,554428652.9869653
D1,1,SVR_StandardScaler_lb5,5,True,0.28679482872134465,0.5277490817129351,0.8210803200517585,561923725.7074083
