Componente,Horizonte,Modelo,Look_Back,Feature_Engineering,MAE,RMSE,R2,MAPE
D2,3,SVR_RobustScaler_lb5,5,True,0.2865469017397958,0.4526484106024483,0.7618340555100671,158.2260985076339
D2,3,SVR_StandardScaler_lb5,5,True,0.2865898656802825,0.4517947066721887,0.7627315797796731,158.69519314131065
