Componente,Horizonte,Modelo,Look_Back,Feature_Engineering,MAE,RMSE,R2,MAPE
D2,30,SVR_RobustScaler_lb10,10,True,0.682281863472201,0.9544134628871238,-0.05798973225167314,140.17256533158914
D2,30,SVR_StandardScaler_lb10,10,True,0.6828836092254031,0.9552535390948165,-0.059853040334955976,142.40683757021463
