Componente,Horizonte,Modelo,Look_Back,Feature_Engineering,MAE,RMSE,R2,MAPE
D2,7,SVR_RobustScaler_lb5,5,True,0.6337315420333315,0.8902942328968875,0.07900299281942103,172.19701950593162
D2,7,SVR_StandardScaler_lb5,5,True,0.6350287154165657,0.8918741617210386,0.07573126355509252,170.57908257019523
