Componente,Horizonte,Modelo,Look_Back,Feature_Engineering,MAE,RMSE,R2,MAPE
D2,1,SVR_RobustScaler_lb5,5,True,0.1364853118754018,0.23933027353283956,0.9334185979200222,82.4085266884266
D2,1,SVR_StandardScaler_lb5,5,True,0.1344562464033495,0.2364758288117275,0.9349973331722342,81.39302694647654
