Componente,Horizonte,Modelo,Look_Back,Feature_Engineering,MAE,RMSE,R2,MAPE
D3,3,SVR_RobustScaler_lb5,5,True,0.2821126768979214,0.4090085252697367,0.7607732072816,199.40892490355054
D3,3,SVR_StandardScaler_lb5,5,True,0.2828906988163641,0.41034903689940855,0.7592025220895882,199.77176525936187
