Componente,Horizonte,Modelo,Look_Back,Feature_Engineering,MAE,RMSE,R2,MAPE
D3,7,SVR_RobustScaler_lb5,5,True,0.4222034220692632,0.6074338620786579,0.4726740693675434,239.87585393727323
D3,7,SVR_StandardScaler_lb5,5,True,0.422950098542718,0.6083350933246592,0.4711081535148318,240.37164409542805
