Componente,Horizonte,Modelo,Look_Back,Feature_Engineering,MAE,RMSE,R2,MAPE
D3,1,SVR_RobustScaler_lb5,5,True,0.09078809242666185,0.13708622714991003,0.973125973254313,76.77899792288343
D3,1,SVR_StandardScaler_lb5,5,True,0.09102487546062214,0.1374499160835289,0.9729831908431187,77.06683074658238
