Componente,Horizonte,Modelo,Look_Back,Feature_Engineering,MAE,RMSE,R2,MAPE
D3,30,SVR_RobustScaler_lb10,10,True,0.6082456424106422,0.8449681813662534,-0.021131068267132402,160.4043234721634
D3,30,SVR_StandardScaler_lb10,10,True,0.6085440343353685,0.8453512119586232,-0.022057051272066364,160.00841940775527
