,RMSE,MAE,MAPE,C30,R2
t+1,1.3499535701366148,0.9969613156701385,10.339082013126271,95.88466912231678,0.7838546034236402
t+5,1.7550681436266289,1.323520919638473,13.842361808868972,90.77392298894395,0.6347042944782076
t+7,1.8905161603204261,1.431122472977464,15.004664352825856,88.74332230984481,0.5762599713132097
t+30,2.64795154530233,2.069319671409952,22.18858278141039,72.5347620870009,0.16946352727553415
