{
  "data_avaliacao": "2025-05-24 12:40:45",
  "passos_avaliados": [
    1,
    5,
    7,
    30
  ],
  "configuracao": {
    "otimizar_pesos": true,
    "aplicar_filtro": true,
    "look_back_rule": "t+1,t+5=5, demais=10"
  },
  "resultados": {
    "t+1": {
      "RMSE": 15.288620163897738,
      "MAE": 15.010351835386762,
      "MAPE": 171.1839691416187,
      "C30": 0.5588720945001905,
      "R2": -26.72329900186476
    },
    "t+5": {
      "RMSE": 15.287385545536978,
      "MAE": 15.00906087177532,
      "MAPE": 171.15123226707607,
      "C30": 0.559156182488245,
      "R2": -26.71552036326278
    },
    "t+7": {
      "RMSE": 15.286257031466297,
      "MAE": 15.007835156448738,
      "MAPE": 171.1214262873859,
      "C30": 0.5596540320529128,
      "R2": -26.703906894169137
    },
    "t+30": {
      "RMSE": 15.283002054736402,
      "MAE": 15.004260747544327,
      "MAPE": 171.03385366521783,
      "C30": 0.5612960836841434,
      "R2": -26.66661232762462
    }
  }
}