{
  "data_avaliacao": "2025-05-24 14:40:52",
  "sistema": "LSTM + XGBoost Simples",
  "descricao": "A3 com LSTM, D1/D2/D3 com XGBoost simples (apenas sequências)",
  "passos_avaliados": [
    1,
    5,
    7,
    30
  ],
  "configuracao": {
    "otimizar_pesos": true,
    "aplicar_filtro": true,
    "features_engineering": false
  },
  "resultados": {
    "t+1": {
      "RMSE": 1.4837376498461872,
      "MAE": 1.088873112819824,
      "MAPE": 11.293452821271705,
      "C30": 94.51289216308903,
      "R2": 0.7388905674125623
    },
    "t+5": {
      "RMSE": 1.8329297925457158,
      "MAE": 1.380324689356112,
      "MAPE": 14.280918694751058,
      "C30": 90.10039395094675,
      "R2": 0.601573459509654
    },
    "t+7": {
      "RMSE": 2.0159830300065478,
      "MAE": 1.5422252145656588,
      "MAPE": 16.471500644777898,
      "C30": 85.6652251335538,
      "R2": 0.5181493518803106
    },
    "t+30": {
      "RMSE": 2.6420841016348287,
      "MAE": 2.182062215381341,
      "MAPE": 25.354024534263697,
      "C30": 67.53412425054216,
      "R2": 0.1731401254642363
    }
  }
}