{
  "data_avaliacao": "2025-06-27 10:33:42",
  "sistema": "H\u00edbrido LSTM+MLP",
  "descricao": "A3 com LSTM, D1/D2/D3 com MLP",
  "passos_avaliados": [
    1,
    5,
    7,
    30
  ],
  "configuracao": {
    "otimizar_pesos": true,
    "aplicar_filtro": true
  },
  "resultados": {
    "t+1": {
      "RMSE": 1.3499535701366148,
      "MAE": 0.9969613156701385,
      "MAPE": 10.339082013126271,
      "C30": 95.88466912231678,
      "R2": 0.7838546034236402
    },
    "t+5": {
      "RMSE": 1.7550681436266289,
      "MAE": 1.323520919638473,
      "MAPE": 13.842361808868972,
      "C30": 90.77392298894395,
      "R2": 0.6347042944782076
    },
    "t+7": {
      "RMSE": 1.8905161603204261,
      "MAE": 1.431122472977464,
      "MAPE": 15.004664352825856,
      "C30": 88.74332230984481,
      "R2": 0.5762599713132097
    },
    "t+30": {
      "RMSE": 2.64795154530233,
      "MAE": 2.069319671409952,
      "MAPE": 22.18858278141039,
      "C30": 72.5347620870009,
      "R2": 0.16946352727553415
    }
  }
}