{
  "passo": 5,
  "pesos": {
    "A3": 1.0127164703335083,
    "D1": 1.3027621289958158,
    "D2": 1.4884724094938522,
    "D3": 1.1055950495689972
  },
  "r2_score": 0.6347042944782076
}