{
  "passo": 30,
  "pesos": {
    "A3": 0.9239710426805287,
    "D1": 0.15517350620179124,
    "D2": 1.8568541843296251,
    "D3": 1.9430261872266261
  },
  "r2_score": 0.16946352727553415
}