{
  "passo": 1,
  "pesos": {
    "A3": 0.9955998207825945,
    "D1": -0.386826596451099,
    "D2": 1.6153443461614845,
    "D3": 1.058564246745062
  },
  "r2_score": 0.7838546034236402
}