{
  "passo": 7,
  "pesos": {
    "A3": 0.9848790281002338,
    "D1": -2.039497704843857,
    "D2": 1.5193081586038393,
    "D3": 1.0733012924633192
  },
  "r2_score": 0.5762599713132097
}